Complexity,Loss,Equation
1,5.08945,"439.1008"
3,4.981764,"x2 * 0.43470734"
4,4.4692845,"sqrt(x2) * 13.816006"
5,2.2994452,"(x0 * -0.3664621) + 446.32352"
7,2.2874074,"(x0 * (x0 * -0.009260969)) + 442.8907"
9,0.50564575,"(((x0 * -1.1164625) + x2) + 81.64529) * 0.41047397"
